username,password,age
lee,jalen,12
zhao,ming,13
zhang,wuji,14
zhou,zhiruo,15
miejue,shitai,16
name1,word1,17
name2,word2,18
name3,word3,19
name4,word4,20
name5,word5,21
name6,word6,22
name7,word7,23
name8,word8,24
name9,word9,25
name10,word10,26
name11,word11,27
name12,word12,28
name13,word13,29
name14,word14,30
name15,word15,31
name16,word16,32
name17,word17,33
name18,word18,34
name19,word19,35
name20,word20,36
name21,word21,37
name22,word22,38
name23,word23,39
name24,word24,40
name25,word25,41
name26,word26,42
name27,word27,43
name28,word28,44
name29,word29,45
name30,word30,46
name31,word31,47
name32,word32,48
name33,word33,49
name34,word34,50
